0,0,0,0
1890,0,0,1
1903,0,0,0
23462,0,1,0
23475,0,0,0
81712,0,0,1
81725,0,0,0
142946,1,0,0
142959,0,0,0
143056,0,1,0
143069,0,0,0
161537,0,0,1
161550,0,0,0
241344,0,0,1
241357,0,0,0
262605,0,1,0
262618,0,0,0
302439,1,0,0
302452,0,0,0
321187,0,0,1
321200,0,0,0
382264,0,1,0
382277,0,0,0
401011,0,0,1
401024,0,0,0
461930,1,0,0
461943,0,0,0
480833,0,0,1
480846,0,0,0
501936,0,1,0
501949,0,0,0
560655,0,0,1
560668,0,0,0
621421,1,0,0
621434,0,0,0
621531,0,1,0
621544,0,0,0
640481,0,0,1
640494,0,0,0
720292,0,0,1
720305,0,0,0
741086,0,1,0
741099,0,0,0
780922,1,0,0
780935,0,0,0
800140,0,0,1
800153,0,0,0
860754,0,1,0
860767,0,0,0
879971,0,0,1
879984,0,0,0
940426,1,0,0
940439,0,0,0
959797,0,0,1
959810,0,0,0
980434,0,1,0
980447,0,0,0
1039621,0,0,1
1039634,0,0,0
1099915,1,0,0
1099928,0,0,0
1100026,0,1,0
1100039,0,0,0
1119443,0,0,1
1119456,0,0,0
1199248,0,0,1
1199261,0,0,0
1219575,0,1,0
1219588,0,0,0
1259401,1,0,0
1259414,0,0,0
1279099,0,0,1
1279112,0,0,0
1339246,0,1,0
1339259,0,0,0
1358931,0,0,1
1358944,0,0,0
1418904,1,0,0
1418917,0,0,0
1438805,0,0,1
1438818,0,0,0
1458921,0,1,0
1458934,0,0,0
1518626,0,0,1
1518639,0,0,0
1578390,1,0,0
1578403,0,0,0
1584012,0,1,0
1584025,0,0,0
1598467,0,0,1
1598480,0,0,0
1678274,0,0,1
1678287,0,0,0
1703672,0,1,0
1703685,0,0,0
1737898,1,0,0
1737911,0,0,0
1758110,0,0,1
1758123,0,0,0
1823316,0,1,0
1823329,0,0,0
1837925,0,0,1
1837938,0,0,0
1897374,1,0,0
1897387,0,0,0
1917743,0,0,1
1917756,0,0,0
1942983,0,1,0
1942996,0,0,0
1997562,0,0,1
1997575,0,0,0
2056857,1,0,0
2056870,0,0,0
2062635,0,1,0
2062648,0,0,0
2077400,0,0,1
2077413,0,0,0
2157201,0,0,1
2157214,0,0,0
2182286,0,1,0
2182299,0,0,0
2216361,1,0,0
2216374,0,0,0
2237044,0,0,1
2237057,0,0,0
2301949,0,1,0
2301962,0,0,0
2316871,0,0,1
2316884,0,0,0
2375858,1,0,0
2375871,0,0,0
2396698,0,0,1
2396711,0,0,0
2421628,0,1,0
2421641,0,0,0
2476524,0,0,1
2476537,0,0,0
2535357,1,0,0
2535370,0,0,0
2541291,0,1,0
2541304,0,0,0
2556370,0,0,1
2556383,0,0,0
2636178,0,0,1
2636191,0,0,0
2660953,0,1,0
2660966,0,0,0
2694873,1,0,0
2694886,0,0,0
2716023,0,0,1
2716036,0,0,0
2780613,0,1,0
2780626,0,0,0
2795848,0,0,1
2795861,0,0,0
2854369,1,0,0
2854382,0,0,0
2875675,0,0,1
2875688,0,0,0
2900291,0,1,0
2900304,0,0,0
2955497,0,0,1
2955510,0,0,0
3013862,1,0,0
3013875,0,0,0
3019951,0,1,0
3019964,0,0,0
3035339,0,0,1
3035352,0,0,0
3115146,0,0,1
3115159,0,0,0
3139611,0,1,0
3139624,0,0,0
3173375,1,0,0
3173388,0,0,0
3194991,0,0,1
3195004,0,0,0
3259270,0,1,0
3259283,0,0,0
3274814,0,0,1
3274827,0,0,0
3332865,1,0,0
3332878,0,0,0
3354637,0,0,1
3354650,0,0,0
3378943,0,1,0
3378956,0,0,0
3434461,0,0,1
3434474,0,0,0
3492358,1,0,0
3492371,0,0,0
3498603,0,1,0
3498616,0,0,0
3514303,0,0,1
3514316,0,0,0
3594109,0,0,1
3594122,0,0,0
3618258,0,1,0
3618271,0,0,0
3651863,1,0,0
3651876,0,0,0
3673946,0,0,1
3673959,0,0,0
3737913,0,1,0
3737926,0,0,0
3753769,0,0,1
3753782,0,0,0
3811350,1,0,0
3811363,0,0,0
3833586,0,0,1
3833599,0,0,0
3857581,0,1,0
3857594,0,0,0
3913406,0,0,1
3913419,0,0,0
3970833,1,0,0
3970846,0,0,0
3977233,0,1,0
3977246,0,0,0
3993243,0,0,1
3993256,0,0,0
4073045,0,0,1
4073058,0,0,0
4096883,0,1,0
4096896,0,0,0
4130330,1,0,0
4130343,0,0,0
4152880,0,0,1
4152893,0,0,0
4216533,0,1,0
4216546,0,0,0
4232701,0,0,1
4232714,0,0,0
4289814,1,0,0
4289827,0,0,0
4312521,0,0,1
4312534,0,0,0
4336258,0,1,0
4336271,0,0,0
4392344,0,0,1
4392357,0,0,0
4449303,1,0,0
4449316,0,0,0
4455914,0,1,0
4455927,0,0,0
4472162,0,0,1
4472175,0,0,0
4551965,0,0,1
4551978,0,0,0
4575567,0,1,0
4575580,0,0,0
4608807,1,0,0
4608820,0,0,0
4631804,0,0,1
4631818,0,0,0
4695220,0,1,0
4695233,0,0,0
4711624,0,0,1
4711637,0,0,0
4768288,1,0,0
4768301,0,0,0
4791440,0,0,1
4791453,0,0,0
4814886,0,1,0
4814899,0,0,0
4871262,0,0,1
4871275,0,0,0
4927778,1,0,0
4927791,0,0,0
4934546,0,1,0
4934559,0,0,0
4951107,0,0,1
4951120,0,0,0
5030914,0,0,1
5030927,0,0,0
5054204,0,1,0
5054217,0,0,0
5087286,1,0,0
5087299,0,0,0
5110753,0,0,1
5110766,0,0,0
5173856,0,1,0
5173869,0,0,0
5190571,0,0,1
5190584,0,0,0
5246770,1,0,0
5246783,0,0,0
5270393,0,0,1
5270406,0,0,0
5293528,0,1,0
5293541,0,0,0
5350217,0,0,1
5350230,0,0,0
5406265,1,0,0
5406278,0,0,0
5413188,0,1,0
5413201,0,0,0
5430061,0,0,1
5430074,0,0,0
5509863,0,0,1
5509876,0,0,0
5532842,0,1,0
5532855,0,0,0
5565770,1,0,0
5565783,0,0,0
5589705,0,0,1
5589718,0,0,0
5652499,0,1,0
5652512,0,0,0
5669526,0,0,1
5669539,0,0,0
5725260,1,0,0
5725273,0,0,0
5749350,0,0,1
5749363,0,0,0
5772174,0,1,0
5772187,0,0,0
5829173,0,0,1
5829186,0,0,0
5884748,1,0,0
5884761,0,0,0
5891827,0,1,0
5891840,0,0,0
5909011,0,0,1
5909024,0,0,0
5988825,0,0,1
5988838,0,0,0
6011475,0,1,0
6011488,0,0,0
6044244,1,0,0
6044257,0,0,0
6068658,0,0,1
6068671,0,0,0
6131120,0,1,0
6131133,0,0,0
6148475,0,0,1
6148488,0,0,0
6203722,1,0,0
6203735,0,0,0
6228294,0,0,1
6228307,0,0,0
6250789,0,1,0
6250802,0,0,0
6308111,0,0,1
6308124,0,0,0
6363200,1,0,0
6363213,0,0,0
6370435,0,1,0
6370448,0,0,0
6387946,0,0,1
6387959,0,0,0
6467746,0,0,1
6467759,0,0,0
6490084,0,1,0
6490097,0,0,0
6522698,1,0,0
6522711,0,0,0
6547581,0,0,1
6547594,0,0,0
6609733,0,1,0
6609746,0,0,0
6627399,0,0,1
6627412,0,0,0
6682176,1,0,0
6682189,0,0,0
6707214,0,0,1
6707227,0,0,0
6729397,0,1,0
6729410,0,0,0
6787031,0,0,1
6787044,0,0,0
6841653,1,0,0
6841666,0,0,0
6849044,0,1,0
6849057,0,0,0
6866866,0,0,1
6866879,0,0,0
6946666,0,0,1
6946679,0,0,0
6968693,0,1,0
6968706,0,0,0
7001152,1,0,0
7001165,0,0,0
7026504,0,0,1
7026517,0,0,0
7088340,0,1,0
7088353,0,0,0
7106318,0,0,1
7106331,0,0,0
7160633,1,0,0
7160646,0,0,0
7186140,0,0,1
7186153,0,0,0
7208011,0,1,0
7208024,0,0,0
7265961,0,0,1
7265974,0,0,0
7320121,1,0,0
7320134,0,0,0
7327668,0,1,0
7327681,0,0,0
7345803,0,0,1
7345816,0,0,0
7425606,0,0,1
7425619,0,0,0
7447321,0,1,0
7447334,0,0,0
7479623,1,0,0
7479636,0,0,0
7505422,0,0,1
7505435,0,0,0
7566971,0,1,0
7566984,0,0,0
7585240,0,0,1
7585253,0,0,0
7639105,1,0,0
7639118,0,0,0
7665059,0,0,1
7665072,0,0,0
7686638,0,1,0
7686651,0,0,0
7744877,0,0,1
7744890,0,0,0
7798586,1,0,0
7798599,0,0,0
7806289,0,1,0
7806302,0,0,0
7824714,0,0,1
7824727,0,0,0
7904518,0,0,1
7904531,0,0,0
7925944,0,1,0
7925957,0,0,0
7958092,1,0,0
7958105,0,0,0
7984360,0,0,1
7984373,0,0,0
8045602,0,1,0
8045615,0,0,0
8064181,0,0,1
8064194,0,0,0
8117579,1,0,0
8117592,0,0,0
8144002,0,0,1
8144015,0,0,0
8165270,0,1,0
8165283,0,0,0
8223819,0,0,1
8223832,0,0,0
8277059,1,0,0
8277072,0,0,0
8284919,0,1,0
8284932,0,0,0
8303656,0,0,1
8303669,0,0,0
8383457,0,0,1
8383470,0,0,0
8404569,0,1,0
8404582,0,0,0
8436558,1,0,0
8436571,0,0,0
8463290,0,0,1
8463303,0,0,0
8524216,0,1,0
8524229,0,0,0
8543109,0,0,1
8543122,0,0,0
8596037,1,0,0
8596050,0,0,0
8622926,0,0,1
8622939,0,0,0
8643883,0,1,0
8643896,0,0,0
8702742,0,0,1
8702755,0,0,0
8755509,1,0,0
8755523,0,0,0
8763525,0,1,0
8763538,0,0,0
8782572,0,0,1
8782585,0,0,0
8862371,0,0,1
8862384,0,0,0
8883170,0,1,0
8883183,0,0,0
8915004,1,0,0
8915017,0,0,0
8942205,0,0,1
8942218,0,0,0
9002823,0,1,0
9002837,0,0,0
9022026,0,0,1
9022040,0,0,0
9074493,1,0,0
9074506,0,0,0
9101849,0,0,1
9101862,0,0,0
9122498,0,1,0
9122511,0,0,0
9181674,0,0,1
9181687,0,0,0
9234033,1,0,0
9234046,0,0,0
9242153,0,1,0
9242166,0,0,0
9261511,0,0,1
9261524,0,0,0
9341317,0,0,1
9341330,0,0,0
9361810,0,1,0
9361823,0,0,0
9393542,1,0,0
9393555,0,0,0
9421158,0,0,1
9421172,0,0,0
9481468,0,1,0
9481481,0,0,0
9500980,0,0,1
9500993,0,0,0
9553027,1,0,0
9553040,0,0,0
9580798,0,0,1
9580811,0,0,0
9601133,0,1,0
9601146,0,0,0
9660618,0,0,1
9660631,0,0,0
9712513,1,0,0
9712526,0,0,0
9720788,0,1,0
9720801,0,0,0
9740457,0,0,1
9740470,0,0,0
9820260,0,0,1
9820273,0,0,0
9840442,0,1,0
9840455,0,0,0
9872019,1,0,0
9872032,0,0,0
9900102,0,0,1
9900115,0,0,0
9960097,0,1,0
9960110,0,0,0
9979922,0,0,1
9979935,0,0,0
10031503,1,0,0
10031516,0,0,0
10059741,0,0,1
10059754,0,0,0
10079766,0,1,0
10079779,0,0,0
10139560,0,0,1
10139574,0,0,0
10190985,1,0,0
10190998,0,0,0
10199416,0,1,0
10199429,0,0,0
10219398,0,0,1
10219411,0,0,0
10299202,0,0,1
10299215,0,0,0
10319070,0,1,0
10319083,0,0,0
10350491,1,0,0
10350504,0,0,0
10379042,0,0,1
10379055,0,0,0
10438724,0,1,0
10438737,0,0,0
10458863,0,0,1
10458876,0,0,0
10509978,1,0,0
10509991,0,0,0
10538682,0,0,1
10538695,0,0,0
10558397,0,1,0
10558410,0,0,0
10618501,0,0,1
10618514,0,0,0
10669462,1,0,0
10669475,0,0,0
10678050,0,1,0
10678063,0,0,0
10698339,0,0,1
10698352,0,0,0
10778138,0,0,1
10778151,0,0,0
10797698,0,1,0
10797711,0,0,0
10828960,1,0,0
10828973,0,0,0
10857975,0,0,1
10857988,0,0,0
10917350,0,1,0
10917363,0,0,0
10937796,0,0,1
10937809,0,0,0
10988444,1,0,0
10988458,0,0,0
11017617,0,0,1
11017630,0,0,0
11037020,0,1,0
11037033,0,0,0
11097434,0,0,1
11097447,0,0,0
11147923,1,0,0
11147936,0,0,0
11156665,0,1,0
11156678,0,0,0
11177266,0,0,1
11177279,0,0,0
11257067,0,0,1
11257080,0,0,0
11276314,0,1,0
11276327,0,0,0
11307419,1,0,0
11307432,0,0,0
11336901,0,0,1
11336914,0,0,0
11395962,0,1,0
11395975,0,0,0
11416720,0,0,1
11416733,0,0,0
11466900,1,0,0
11466913,0,0,0
11496537,0,0,1
11496550,0,0,0
11515627,0,1,0
11515640,0,0,0
11576357,0,0,1
11576370,0,0,0
11626383,1,0,0
11626396,0,0,0
11635281,0,1,0
11635294,0,0,0
11656195,0,0,1
11656208,0,0,0
11735993,0,0,1
11736006,0,0,0
11754928,0,1,0
11754941,0,0,0
11785878,1,0,0
11785891,0,0,0
11815826,0,0,1
11815839,0,0,0
11874571,0,1,0
11874584,0,0,0
11895640,0,0,1
11895653,0,0,0
11945351,1,0,0
11945364,0,0,0
11975458,0,0,1
11975471,0,0,0
11994236,0,1,0
11994249,0,0,0
12055273,0,0,1
12055286,0,0,0
12104831,1,0,0
12104844,0,0,0
12113886,0,1,0
12113899,0,0,0
12135109,0,0,1
12135122,0,0,0
12214912,0,0,1
12214925,0,0,0
12233538,0,1,0
12233551,0,0,0
12264334,1,0,0
12264347,0,0,0
12294750,0,0,1
12294763,0,0,0
12353192,0,1,0
12353205,0,0,0
12374571,0,0,1
12374584,0,0,0
12423816,1,0,0
12423829,0,0,0
12454388,0,0,1
12454401,0,0,0
12472858,0,1,0
12472871,0,0,0
12534209,0,0,1
12534222,0,0,0
12583298,1,0,0
12583311,0,0,0
12592507,0,1,0
12592520,0,0,0
12614042,0,0,1
12614055,0,0,0
12693838,0,0,1
12693851,0,0,0
12712151,0,1,0
12712164,0,0,0
12742789,1,0,0
12742803,0,0,0
12773673,0,0,1
12773686,0,0,0
12831800,0,1,0
12831813,0,0,0
12853491,0,0,1
12853504,0,0,0
12902267,1,0,0
12902280,0,0,0
12933307,0,0,1
12933320,0,0,0
12951465,0,1,0
12951478,0,0,0
13013126,0,0,1
13013139,0,0,0
13061747,1,0,0
13061761,0,0,0
13071113,0,1,0
13071126,0,0,0
13092960,0,0,1
13092974,0,0,0
13172759,0,0,1
13172772,0,0,0
13190761,0,1,0
13190774,0,0,0
13221244,1,0,0
13221257,0,0,0
13252594,0,0,1
13252607,0,0,0
13310409,0,1,0
13310422,0,0,0
13332411,0,0,1
13332424,0,0,0
13380721,1,0,0
13380734,0,0,0
13412227,0,0,1
13412240,0,0,0
13430072,0,1,0
13430085,0,0,0
13492044,0,0,1
13492057,0,0,0
13540199,1,0,0
13540212,0,0,0
13549721,0,1,0
13549734,0,0,0
13571859,0,0,1
13571872,0,0,0
13651658,0,0,1
13651671,0,0,0
13669368,0,1,0
13669381,0,0,0
13699694,1,0,0
13699707,0,0,0
13731491,0,0,1
13731504,0,0,0
13789016,0,1,0
13789029,0,0,0
13811310,0,0,1
13811323,0,0,0
13859172,1,0,0
13859185,0,0,0
13891125,0,0,1
13891138,0,0,0
13908679,0,1,0
13908692,0,0,0
13970936,0,0,1
13970949,0,0,0
14018641,1,0,0
14018654,0,0,0
14028318,0,1,0
14028331,0,0,0
14050767,0,0,1
14050780,0,0,0
14130560,0,0,1
14130573,0,0,0
14147959,0,1,0
14147972,0,0,0
14178129,1,0,0
14178142,0,0,0
14210393,0,0,1
14210406,0,0,0
14267615,0,1,0
14267628,0,0,0
14290210,0,0,1
14290223,0,0,0
14337606,1,0,0
14337619,0,0,0
14370025,0,0,1
14370038,0,0,0
14387277,0,1,0
14387290,0,0,0
14449839,0,0,1
14449852,0,0,0
14497074,1,0,0
14497087,0,0,0
14506918,0,1,0
14506931,0,0,0
14529666,0,0,1
14529679,0,0,0
14609460,0,0,1
14609473,0,0,0
14626557,0,1,0
14626570,0,0,0
14656561,1,0,0
14656574,0,0,0
14689291,0,0,1
14689304,0,0,0
14746204,0,1,0
14746217,0,0,0
14769110,0,0,1
14769123,0,0,0
14816038,1,0,0
14816051,0,0,0
14848927,0,0,1
14848940,0,0,0
14865869,0,1,0
14865882,0,0,0
14928744,0,0,1
14928757,0,0,0
14975517,1,0,0
14975530,0,0,0
14985517,0,1,0
14985530,0,0,0
15008579,0,0,1
15008592,0,0,0
15088389,0,0,1
15088402,0,0,0
15105159,0,1,0
15105172,0,0,0
15135007,1,0,0
15135020,0,0,0
15168224,0,0,1
15168237,0,0,0
15224808,0,1,0
15224821,0,0,0
15248039,0,0,1
15248052,0,0,0
15294481,1,0,0
15294494,0,0,0
15327850,0,0,1
15327863,0,0,0
15344465,0,1,0
15344478,0,0,0
15407666,0,0,1
15407679,0,0,0
15453952,1,0,0
15453965,0,0,0
15464109,0,1,0
15464122,0,0,0
15487498,0,0,1
15487511,0,0,0
15567296,0,0,1
15567309,0,0,0
15583755,0,1,0
15583768,0,0,0
15613446,1,0,0
15613459,0,0,0
15647129,0,0,1
15647142,0,0,0
15703403,0,1,0
15703416,0,0,0
15726947,0,0,1
15726960,0,0,0
15772925,1,0,0
15772938,0,0,0
15806764,0,0,1
15806777,0,0,0
15823068,0,1,0
15823081,0,0,0
15886582,0,0,1
15886595,0,0,0
15932405,1,0,0
15932418,0,0,0
15942717,0,1,0
15942730,0,0,0
15966417,0,0,1
15966430,0,0,0
16046214,0,0,1
16046227,0,0,0
16062363,0,1,0
16062376,0,0,0
16091899,1,0,0
16091912,0,0,0
16126050,0,0,1
16126063,0,0,0
16182011,0,1,0
16182024,0,0,0
16205868,0,0,1
16205881,0,0,0
16251379,1,0,0
16251392,0,0,0
16285685,0,0,1
16285698,0,0,0
16301677,0,1,0
16301690,0,0,0
16365502,0,0,1
16365515,0,0,0
16410855,1,0,0
16410868,0,0,0
16421323,0,1,0
16421336,0,0,0
16445335,0,0,1
16445348,0,0,0
16525130,0,0,1
16525143,0,0,0
16540965,0,1,0
16540978,0,0,0
16570342,1,0,0
16570355,0,0,0
16604941,0,0,1
16604954,0,0,0
16660607,0,1,0
16660620,0,0,0
16684753,0,0,1
16684766,0,0,0
16729815,1,0,0
16729828,0,0,0
16764567,0,0,1
16764580,0,0,0
16780267,0,1,0
16780280,0,0,0
16844380,0,0,1
16844393,0,0,0
16889284,1,0,0
16889297,0,0,0
16899908,0,1,0
16899921,0,0,0
16924211,0,0,1
16924224,0,0,0
17004006,0,0,1
17004019,0,0,0
17019551,0,1,0
17019564,0,0,0
17048773,1,0,0
17048786,0,0,0
17083840,0,0,1
17083853,0,0,0
17139194,0,1,0
17139207,0,0,0
17163653,0,0,1
17163666,0,0,0
17208279,1,0,0
17208292,0,0,0
17243462,0,0,1
17243475,0,0,0
17258849,0,1,0
17258862,0,0,0
17323274,0,0,1
17323287,0,0,0
17367746,1,0,0
17367759,0,0,0
17378490,0,1,0
17378503,0,0,0
17403104,0,0,1
17403117,0,0,0
17482901,0,0,1
17482914,0,0,0
17498133,0,1,0
17498146,0,0,0
17527236,1,0,0
17527249,0,0,0
17562732,0,0,1
17562745,0,0,0
17617777,0,1,0
17617790,0,0,0
17642547,0,0,1
17642560,0,0,0
17686707,1,0,0
17686720,0,0,0
17722363,0,0,1
17722376,0,0,0
17737439,0,1,0
17737452,0,0,0
17802175,0,0,1
17802188,0,0,0
17846180,1,0,0
17846193,0,0,0
17857081,0,1,0
17857094,0,0,0
17882007,0,0,1
17882020,0,0,0
17961805,0,0,1
17961818,0,0,0
17976725,0,1,0
17976738,0,0,0
18005672,1,0,0
18005686,0,0,0
18041640,0,0,1
18041653,0,0,0
18096375,0,1,0
18096388,0,0,0
18121458,0,0,1
18121471,0,0,0
18165158,1,0,0
18165171,0,0,0
18201279,0,0,1
18201292,0,0,0
18216047,0,1,0
18216060,0,0,0
18281093,0,0,1
18281106,0,0,0
18324632,1,0,0
18324645,0,0,0
18335688,0,1,0
18335701,0,0,0
18360924,0,0,1
18360937,0,0,0
18440725,0,0,1
18440738,0,0,0
18455337,0,1,0
18455350,0,0,0
18484128,1,0,0
18484141,0,0,0
18520561,0,0,1
18520574,0,0,0
18574988,0,1,0
18575001,0,0,0
18600381,0,0,1
18600394,0,0,0
18643608,1,0,0
18643621,0,0,0
18680193,0,0,1
18680206,0,0,0
18694648,0,1,0
18694661,0,0,0
18760007,0,0,1
18760020,0,0,0
18803079,1,0,0
18803092,0,0,0
18814291,0,1,0
18814304,0,0,0
18839838,0,0,1
18839851,0,0,0
18919637,0,0,1
18919650,0,0,0
18933937,0,1,0
18933950,0,0,0
18962575,1,0,0
18962588,0,0,0
18999477,0,0,1
18999490,0,0,0
19053592,0,1,0
19053605,0,0,0
19079297,0,0,1
19079310,0,0,0
19122059,1,0,0
19122072,0,0,0
19159114,0,0,1
19159127,0,0,0
19173259,0,1,0
19173272,0,0,0
19238931,0,0,1
19238944,0,0,0
19281536,1,0,0
19281549,0,0,0
19292905,0,1,0
19292918,0,0,0
19318767,0,0,1
19318780,0,0,0
19398566,0,0,1
19398579,0,0,0
19412555,0,1,0
19412568,0,0,0
19441035,1,0,0
19441048,0,0,0
19478402,0,0,1
19478415,0,0,0
19532205,0,1,0
19532218,0,0,0
19558222,0,0,1
19558235,0,0,0
19600518,1,0,0
19600531,0,0,0
19638041,0,0,1
19638054,0,0,0
19651877,0,1,0
19651890,0,0,0
19717864,0,0,1
19717877,0,0,0
19760008,1,0,0
19760021,0,0,0
19771532,0,1,0
19771545,0,0,0
19797703,0,0,1
19797716,0,0,0
19877505,0,0,1
19877518,0,0,0
19891184,0,1,0
19891197,0,0,0
19919509,1,0,0
19919522,0,0,0
19957341,0,0,1
19957354,0,0,0
20010834,0,1,0
20010847,0,0,0
20037161,0,0,1
20037174,0,0,0
20078991,1,0,0
20079004,0,0,0
20116981,0,0,1
20116994,0,0,0
20130504,0,1,0
20130517,0,0,0
20196800,0,0,1
20196813,0,0,0
20238480,1,0,0
20238493,0,0,0
20250161,0,1,0
20250174,0,0,0
20276645,0,0,1
20276658,0,0,0
20356448,0,0,1
20356461,0,0,0
20369814,0,1,0
20369827,0,0,0
20397983,1,0,0
20397996,0,0,0
20436284,0,0,1
20436297,0,0,0
20489466,0,1,0
20489479,0,0,0
20516106,0,0,1
20516119,0,0,0
20557470,1,0,0
20557483,0,0,0
20595930,0,0,1
20595943,0,0,0
20609143,0,1,0
20609156,0,0,0
20675757,0,0,1
20675770,0,0,0
20716963,1,0,0
20716976,0,0,0
20728799,0,1,0
20728812,0,0,0
20755595,0,0,1
20755608,0,0,0
20835397,0,0,1
20835410,0,0,0
20848452,0,1,0
20848465,0,0,0
20876468,1,0,0
20876481,0,0,0
20915239,0,0,1
20915252,0,0,0
20968111,0,1,0
20968124,0,0,0
20995063,0,0,1
20995076,0,0,0
21035956,1,0,0
21035969,0,0,0
21074882,0,0,1
21074895,0,0,0
21087782,0,1,0
21087795,0,0,0
21154703,0,0,1
21154716,0,0,0
21195446,1,0,0
21195459,0,0,0
21207439,0,1,0
21207452,0,0,0
21234543,0,0,1
21234556,0,0,0
21314343,0,0,1
21314356,0,0,0
21327089,0,1,0
21327102,0,0,0
21354946,1,0,0
21354959,0,0,0
21394182,0,0,1
21394195,0,0,0
21446743,0,1,0
21446756,0,0,0
21474004,0,0,1
21474017,0,0,0
21514435,1,0,0
21514448,0,0,0
21553824,0,0,1
21553837,0,0,0
21566415,0,1,0
21566428,0,0,0
21633647,0,0,1
21633660,0,0,0
21673921,1,0,0
21673934,0,0,0
21686068,0,1,0
21686081,0,0,0
21713483,0,0,1
21713496,0,0,0
21793287,0,0,1
21793300,0,0,0
21805721,0,1,0
21805734,0,0,0
21833423,1,0,0
21833436,0,0,0
21873125,0,0,1
21873138,0,0,0
21925371,0,1,0
21925384,0,0,0
21952942,0,0,1
21952955,0,0,0
21992906,1,0,0
21992919,0,0,0
22032765,0,0,1
22032778,0,0,0
22045044,0,1,0
22045057,0,0,0
22112590,0,0,1
22112603,0,0,0
22152399,1,0,0
22152412,0,0,0
22164705,0,1,0
22164718,0,0,0
22192435,0,0,1
22192448,0,0,0
22272240,0,0,1
22272253,0,0,0
22284363,0,1,0
22284376,0,0,0
22311908,1,0,0
22311921,0,0,0
22352078,0,0,1
22352091,0,0,0
22404018,0,1,0
22404031,0,0,0
22431904,0,0,1
22431917,0,0,0
22471401,1,0,0
22471414,0,0,0
22511728,0,0,1
22511741,0,0,0
22523696,0,1,0
22523709,0,0,0
22591550,0,0,1
22591563,0,0,0
22630887,1,0,0
22630900,0,0,0
22643347,0,1,0
22643360,0,0,0
22671366,0,0,1
22671379,0,0,0
22751168,0,0,1
22751181,0,0,0
22763000,0,1,0
22763013,0,0,0
22790387,1,0,0
22790400,0,0,0
22831001,0,0,1
22831014,0,0,0
22882648,0,1,0
22882661,0,0,0
22910822,0,0,1
22910835,0,0,0
22949871,1,0,0
22949884,0,0,0
22990645,0,0,1
22990658,0,0,0
23002322,0,1,0
23002335,0,0,0
23070471,0,0,1
23070484,0,0,0
23109365,1,0,0
23109378,0,0,0
23121982,0,1,0
23121995,0,0,0
23150315,0,0,1
23150328,0,0,0
23230122,0,0,1
23230135,0,0,0
23241643,0,1,0
23241656,0,0,0
23268878,1,0,0
23268891,0,0,0
23309965,0,0,1
23309978,0,0,0
23361306,0,1,0
23361319,0,0,0
23389795,0,0,1
23389808,0,0,0
23428377,1,0,0
23428390,0,0,0
23469620,0,0,1
23469633,0,0,0
23480985,0,1,0
23480998,0,0,0
23549445,0,0,1
23549458,0,0,0
23587873,1,0,0
23587886,0,0,0
23600648,0,1,0
23600661,0,0,0
23629293,0,0,1
23629306,0,0,0
23709102,0,0,1
23709115,0,0,0
23720312,0,1,0
23720325,0,0,0
23747392,1,0,0
23747405,0,0,0
23788949,0,0,1
23788962,0,0,0
23839973,0,1,0
23839986,0,0,0
23868770,0,0,1
23868783,0,0,0
23906884,1,0,0
23906897,0,0,0
23948595,0,0,1
23948608,0,0,0
23959649,0,1,0
23959662,0,0,0
24028418,0,0,1
24028431,0,0,0
24066377,1,0,0
24066390,0,0,0
24079359,0,1,0
24079372,0,0,0
24108264,0,0,1
24108277,0,0,0
24188089,0,0,1
24188102,0,0,0
24199022,0,1,0
24199035,0,0,0
24225895,1,0,0
24225908,0,0,0
24267933,0,0,1
24267946,0,0,0
24318682,0,1,0
24318695,0,0,0
24347757,0,0,1
24347770,0,0,0
24385389,1,0,0
24385402,0,0,0
24427585,0,0,1
24427598,0,0,0
24438362,0,1,0
24438375,0,0,0
24507415,0,0,1
24507428,0,0,0
24544889,1,0,0
24544902,0,0,0
24558024,0,1,0
24558037,0,0,0
24587256,0,0,1
24587269,0,0,0
24667065,0,0,1
24667079,0,0,0
24677686,0,1,0
24677699,0,0,0
24704402,1,0,0
24704415,0,0,0
24746908,0,0,1
24746921,0,0,0
24797345,0,1,0
24797358,0,0,0
24826734,0,0,1
24826747,0,0,0
24863899,1,0,0
24863912,0,0,0
24906563,0,0,1
24906576,0,0,0
24917027,0,1,0
24917040,0,0,0
24986390,0,0,1
24986403,0,0,0
25023399,1,0,0
25023412,0,0,0
25036691,0,1,0
25036704,0,0,0
25066237,0,0,1
25066250,0,0,0
25146046,0,0,1
25146059,0,0,0
25156354,0,1,0
25156367,0,0,0
25182951,1,0,0
25182964,0,0,0
25225890,0,0,1
25225903,0,0,0
25276016,0,1,0
25276029,0,0,0
25305716,0,0,1
25305729,0,0,0
25342445,1,0,0
25342458,0,0,0
25385539,0,0,1
25385552,0,0,0
25395691,0,1,0
25395704,0,0,0
25465361,0,0,1
25465374,0,0,0
25501934,1,0,0
25501947,0,0,0
25515345,0,1,0
25515358,0,0,0
25545199,0,0,1
25545212,0,0,0
25625004,0,0,1
25625017,0,0,0
25635001,0,1,0
25635014,0,0,0
25661440,1,0,0
25661453,0,0,0
25704822,0,0,1
25704835,0,0,0
25754652,0,1,0
25754665,0,0,0
25784638,0,0,1
25784651,0,0,0
25820919,1,0,0
25820932,0,0,0
25864459,0,0,1
25864472,0,0,0
25874321,0,1,0
25874334,0,0,0
25944282,0,0,1
25944295,0,0,0
25980407,1,0,0
25980420,0,0,0
25993973,0,1,0
25993986,0,0,0
26024115,0,0,1
26024128,0,0,0
26103918,0,0,1
26103931,0,0,0
26113624,0,1,0
26113637,0,0,0
26139908,1,0,0
26139921,0,0,0
26183761,0,0,1
26183774,0,0,0
26233285,0,1,0
26233298,0,0,0
26263588,0,0,1
26263601,0,0,0
26299402,1,0,0
26299415,0,0,0
26343411,0,0,1
26343424,0,0,0
26352959,0,1,0
26352972,0,0,0
26423235,0,0,1
26423248,0,0,0
26458894,1,0,0
26458907,0,0,0
26472618,0,1,0
26472631,0,0,0
26503079,0,0,1
26503092,0,0,0
26582886,0,0,1
26582899,0,0,0
26592280,0,1,0
26592293,0,0,0
26618410,1,0,0
26618423,0,0,0
26662734,0,0,1
26662747,0,0,0
26711945,0,1,0
26711958,0,0,0
26742562,0,0,1
26742575,0,0,0
26777909,1,0,0
26777922,0,0,0
26822387,0,0,1
26822400,0,0,0
26831624,0,1,0
26831637,0,0,0
26902211,0,0,1
26902224,0,0,0
26937403,1,0,0
26937416,0,0,0
26951283,0,1,0
26951296,0,0,0
26982054,0,0,1
26982067,0,0,0
27061861,0,0,1
27061874,0,0,0
27070943,0,1,0
27070956,0,0,0
27096917,1,0,0
27096930,0,0,0
27141704,0,0,1
27141717,0,0,0
27190601,0,1,0
27190614,0,0,0
27221525,0,0,1
27221538,0,0,0
27256406,1,0,0
27256419,0,0,0
27301348,0,0,1
27301361,0,0,0
27310276,0,1,0
27310289,0,0,0
27381173,0,0,1
27381186,0,0,0
27415901,1,0,0
27415914,0,0,0
27429936,0,1,0
27429949,0,0,0
27461016,0,0,1
27461029,0,0,0
27540825,0,0,1
27540838,0,0,0
27549597,0,1,0
27549610,0,0,0
27575412,1,0,0
27575425,0,0,0
27620666,0,0,1
27620679,0,0,0
27669255,0,1,0
27669268,0,0,0
27700493,0,0,1
27700506,0,0,0
27734907,1,0,0
27734920,0,0,0
27780318,0,0,1
27780331,0,0,0
27788933,0,1,0
27788946,0,0,0
27860141,0,0,1
27860154,0,0,0
27894400,1,0,0
27894413,0,0,0
27908592,0,1,0
27908605,0,0,0
27939983,0,0,1
27939996,0,0,0
28019790,0,0,1
28019803,0,0,0
28028250,0,1,0
28028263,0,0,0
28053910,1,0,0
28053923,0,0,0
28099631,0,0,1
28099644,0,0,0
28147906,0,1,0
28147919,0,0,0
28179453,0,0,1
28179466,0,0,0
28213400,1,0,0
28213413,0,0,0
28259276,0,0,1
28259289,0,0,0
28267579,0,1,0
28267592,0,0,0
28339102,0,0,1
28339115,0,0,0
28372894,1,0,0
28372907,0,0,0
28387242,0,1,0
28387255,0,0,0
28418945,0,0,1
28418958,0,0,0
28498751,0,0,1
28498764,0,0,0
28506899,0,1,0
28506912,0,0,0
28532402,1,0,0
28532415,0,0,0
28578588,0,0,1
28578601,0,0,0
28626551,0,1,0
28626564,0,0,0
28658412,0,0,1
28658425,0,0,0
28691893,1,0,0
28691906,0,0,0
28738235,0,0,1
28738249,0,0,0
28746231,0,1,0
28746244,0,0,0
28818064,0,0,1
28818077,0,0,0
28851394,1,0,0
28851407,0,0,0
28865899,0,1,0
28865912,0,0,0
28897914,0,0,1
28897927,0,0,0
28977723,0,0,1
28977736,0,0,0
28985563,0,1,0
28985576,0,0,0
29010912,1,0,0
29010925,0,0,0
29057567,0,0,1
29057580,0,0,0
29105223,0,1,0
29105236,0,0,0
29137393,0,0,1
29137406,0,0,0
29170408,1,0,0
29170421,0,0,0
29217218,0,0,1
29217231,0,0,0
29224901,0,1,0
29224914,0,0,0
29297046,0,0,1
29297059,0,0,0
29329905,1,0,0
29329918,0,0,0
29344565,0,1,0
29344578,0,0,0
29376893,0,0,1
29376906,0,0,0
29456702,0,0,1
29456715,0,0,0
29464229,0,1,0
29464242,0,0,0
29489422,1,0,0
29489435,0,0,0
29536546,0,0,1
29536559,0,0,0
29583889,0,1,0
29583902,0,0,0
29616370,0,0,1
29616383,0,0,0
29648918,1,0,0
29648931,0,0,0
29696197,0,0,1
29696210,0,0,0
29703569,0,1,0
29703582,0,0,0
29776020,0,0,1
29776034,0,0,0
29808412,1,0,0
29808425,0,0,0
29823226,0,1,0
29823240,0,0,0
29855863,0,0,1
29855876,0,0,0
29935667,0,0,1
29935680,0,0,0
29942882,0,1,0
29942895,0,0,0
29967917,1,0,0
29967930,0,0,0
30015503,0,0,1
30015516,0,0,0
30062533,0,1,0
30062546,0,0,0
30095323,0,0,1
30095336,0,0,0
30127398,1,0,0
30127411,0,0,0
30175141,0,0,1
30175154,0,0,0
30182200,0,1,0
30182213,0,0,0
30254959,0,0,1
30254972,0,0,0
30286880,1,0,0
30286893,0,0,0
30301851,0,1,0
30301864,0,0,0
30334795,0,0,1
30334808,0,0,0
30414597,0,0,1
30414610,0,0,0
30421504,0,1,0
30421517,0,0,0
30446382,1,0,0
30446395,0,0,0
30494435,0,0,1
30494449,0,0,0
30541155,0,1,0
30541168,0,0,0
30574255,0,0,1
30574268,0,0,0
30605867,1,0,0
30605880,0,0,0
30654074,0,0,1
30654087,0,0,0
30660824,0,1,0
30660837,0,0,0
30733892,0,0,1
30733905,0,0,0
30765349,1,0,0
30765362,0,0,0
30780476,0,1,0
30780489,0,0,0
30813730,0,0,1
30813743,0,0,0
30893533,0,0,1
30893546,0,0,0
30900128,0,1,0
30900141,0,0,0
30924850,1,0,0
30924863,0,0,0
30973371,0,0,1
30973384,0,0,0
31019782,0,1,0
31019795,0,0,0
31053192,0,0,1
31053205,0,0,0
31084335,1,0,0
31084348,0,0,0
31133009,0,0,1
31133022,0,0,0
31139448,0,1,0
31139461,0,0,0
31212831,0,0,1
31212844,0,0,0
31243819,1,0,0
31243832,0,0,0
31259102,0,1,0
31259115,0,0,0
31292667,0,0,1
31292680,0,0,0
31372462,0,0,1
31372475,0,0,0
31378745,0,1,0
31378758,0,0,0
31403311,1,0,0
31403324,0,0,0
31452298,0,0,1
31452311,0,0,0
31498396,0,1,0
31498409,0,0,0
31532119,0,0,1
31532132,0,0,0
31562794,1,0,0
31562807,0,0,0
31611938,0,0,1
31611951,0,0,0
31618066,0,1,0
31618079,0,0,0
31691761,0,0,1
31691774,0,0,0
31722284,1,0,0
31722297,0,0,0
31737725,0,1,0
31737738,0,0,0
31771583,0,0,1
31771596,0,0,0
31851393,0,0,1
31851406,0,0,0
31857385,0,1,0
31857398,0,0,0
31881799,1,0,0
31881812,0,0,0
31931239,0,0,1
31931252,0,0,0
31977049,0,1,0
31977062,0,0,0
32011066,0,0,1
32011080,0,0,0
32041298,1,0,0
32041311,0,0,0
32090892,0,0,1
32090905,0,0,0
32096729,0,1,0
32096742,0,0,0
32170719,0,0,1
32170732,0,0,0
32200796,1,0,0
32200809,0,0,0
32216393,0,1,0
32216406,0,0,0
32250563,0,0,1
32250576,0,0,0
32330370,0,0,1
32330383,0,0,0
32336050,0,1,0
32336063,0,0,0
32360306,1,0,0
32360319,0,0,0
32410211,0,0,1
32410224,0,0,0
32455708,0,1,0
32455721,0,0,0
32490035,0,0,1
32490048,0,0,0
32519798,1,0,0
32519811,0,0,0
32569859,0,0,1
32569872,0,0,0
32575384,0,1,0
32575397,0,0,0
32649683,0,0,1
32649696,0,0,0
32679291,1,0,0
32679304,0,0,0
32695042,0,1,0
32695055,0,0,0
32729527,0,0,1
32729540,0,0,0
32809335,0,0,1
32809348,0,0,0
32814703,0,1,0
32814716,0,0,0
32838803,1,0,0
32838816,0,0,0
32889174,0,0,1
32889187,0,0,0
32934356,0,1,0
32934369,0,0,0
32968995,0,0,1
32969008,0,0,0
32998289,1,0,0
32998303,0,0,0
33048819,0,0,1
33048832,0,0,0
33054032,0,1,0
33054045,0,0,0
33128643,0,0,1
33128656,0,0,0
33157836,1,0,0
33157849,0,0,0
33173690,0,1,0
33173703,0,0,0
33208486,0,0,1
33208499,0,0,0
33288309,0,0,1
33288322,0,0,0
33293350,0,1,0
33293363,0,0,0
33317347,1,0,0
33317360,0,0,0
33368150,0,0,1
33368163,0,0,0
33413011,0,1,0
33413024,0,0,0
33447980,0,0,1
33447994,0,0,0
33476849,1,0,0
33476862,0,0,0
33527809,0,0,1
33527822,0,0,0
33532695,0,1,0
33532708,0,0,0
33607638,0,0,1
33607651,0,0,0
33636348,1,0,0
33636361,0,0,0
33652360,0,1,0
33652373,0,0,0
33687482,0,0,1
33687495,0,0,0
33767286,0,0,1
33767299,0,0,0
33772015,0,1,0
33772028,0,0,0
33795857,1,0,0
33795870,0,0,0
33847127,0,0,1
33847140,0,0,0
33891671,0,1,0
33891684,0,0,0
33926950,0,0,1
33926963,0,0,0
33955345,1,0,0
33955358,0,0,0
34006770,0,0,1
34006783,0,0,0
34011343,0,1,0
34011356,0,0,0
34086595,0,0,1
34086608,0,0,0
34114837,1,0,0
34114850,0,0,0
34131003,0,1,0
34131016,0,0,0
34166438,0,0,1
34166451,0,0,0
34246245,0,0,1
34246258,0,0,0
34250663,0,1,0
34250676,0,0,0
34274350,1,0,0
34274363,0,0,0
34326093,0,0,1
34326106,0,0,0
34370331,0,1,0
34370344,0,0,0
34405924,0,0,1
34405938,0,0,0
34433856,1,0,0
34433869,0,0,0
34485754,0,0,1
34485767,0,0,0
34490015,0,1,0
34490028,0,0,0
34565581,0,0,1
34565594,0,0,0
34593357,1,0,0
34593370,0,0,0
34609680,0,1,0
34609693,0,0,0
34645429,0,0,1
34645442,0,0,0
34725241,0,0,1
34725254,0,0,0
34729346,0,1,0
34729359,0,0,0
34752877,1,0,0
34752890,0,0,0
34805063,0,0,1
34805076,0,0,0
34849006,0,1,0
34849019,0,0,0
34884887,0,0,1
34884900,0,0,0
34912370,1,0,0
34912383,0,0,0
34964708,0,0,1
34964721,0,0,0
34968678,0,1,0
34968691,0,0,0
35044529,0,0,1
35044542,0,0,0
35071854,1,0,0
35071867,0,0,0
35088331,0,1,0
35088344,0,0,0
35124368,0,0,1
35124381,0,0,0
35204173,0,0,1
35204186,0,0,0
35207987,0,1,0
35208000,0,0,0
35231361,1,0,0
35231374,0,0,0
35284016,0,0,1
35284029,0,0,0
35327646,0,1,0
35327659,0,0,0
35363840,0,0,1
35363853,0,0,0
35390853,1,0,0
35390866,0,0,0
35443660,0,0,1
35443673,0,0,0
35447318,0,1,0
35447331,0,0,0
35523481,0,0,1
35523494,0,0,0
35550340,1,0,0
35550353,0,0,0
35566973,0,1,0
35566986,0,0,0
35603322,0,0,1
35603335,0,0,0
35683129,0,0,1
35683142,0,0,0
35686631,0,1,0
35686644,0,0,0
35709849,1,0,0
35709862,0,0,0
35762971,0,0,1
35762984,0,0,0
35806289,0,1,0
35806302,0,0,0
35842794,0,0,1
35842807,0,0,0
35869341,1,0,0
35869354,0,0,0
35922617,0,0,1
35922630,0,0,0
35925962,0,1,0
35925975,0,0,0
36002438,0,0,1
36002451,0,0,0
36028826,1,0,0
36028839,0,0,0
36045613,0,1,0
36045626,0,0,0
36082272,0,0,1
36082286,0,0,0
36162072,0,0,1
36162085,0,0,0
36165261,0,1,0
36165274,0,0,0
36188322,1,0,0
36188335,0,0,0
36241904,0,0,1
36241917,0,0,0
36284905,0,1,0
36284918,0,0,0
36321717,0,0,1
36321730,0,0,0
36347797,1,0,0
36347810,0,0,0
36401536,0,0,1
36401549,0,0,0
36404572,0,1,0
36404585,0,0,0
36481347,0,0,1
36481360,0,0,0
36507271,1,0,0
36507284,0,0,0
36524215,0,1,0
36524228,0,0,0
36561183,0,0,1
36561196,0,0,0
36640985,0,0,1
36640998,0,0,0
36643866,0,1,0
36643879,0,0,0
36666771,1,0,0
36666784,0,0,0
36720821,0,0,1
36720834,0,0,0
36763515,0,1,0
36763528,0,0,0
36800638,0,0,1
36800651,0,0,0
36826248,1,0,0
36826261,0,0,0
36880452,0,0,1
36880465,0,0,0
36883177,0,1,0
36883190,0,0,0
36960272,0,0,1
36960285,0,0,0
36985729,1,0,0
36985742,0,0,0
37002830,0,1,0
37002843,0,0,0
37040110,0,0,1
37040123,0,0,0
37119908,0,0,1
37119921,0,0,0
37122478,0,1,0
37122491,0,0,0
37145226,1,0,0
37145239,0,0,0
37199740,0,0,1
37199753,0,0,0
37242120,0,1,0
37242133,0,0,0
37279556,0,0,1
37279569,0,0,0
37304700,1,0,0
37304713,0,0,0
37359376,0,0,1
37359389,0,0,0
37361789,0,1,0
37361802,0,0,0
37439197,0,0,1
37439210,0,0,0
37464185,1,0,0
37464198,0,0,0
37481439,0,1,0
37481452,0,0,0
37519030,0,0,1
37519043,0,0,0
37598828,0,0,1
37598841,0,0,0
37601085,0,1,0
37601098,0,0,0
37623678,1,0,0
37623691,0,0,0
37678666,0,0,1
37678679,0,0,0
37720737,0,1,0
37720750,0,0,0
37758484,0,0,1
37758498,0,0,0
37783162,1,0,0
37783175,0,0,0
37838301,0,0,1
37838314,0,0,0
37840405,0,1,0
37840418,0,0,0
37918120,0,0,1
37918133,0,0,0
37942644,1,0,0
37942657,0,0,0
37960056,0,1,0
37960069,0,0,0
37997957,0,0,1
37997970,0,0,0
38077760,0,0,1
38077773,0,0,0
38079709,0,1,0
38079722,0,0,0
38102148,1,0,0
38102161,0,0,0
38157601,0,0,1
38157614,0,0,0
38199363,0,1,0
38199376,0,0,0
38237420,0,0,1
38237433,0,0,0
38261631,1,0,0
38261644,0,0,0
38317233,0,0,1
38317246,0,0,0
38319026,0,1,0
38319039,0,0,0
38397048,0,0,1
38397061,0,0,0
38421104,1,0,0
38421117,0,0,0
38438672,0,1,0
38438685,0,0,0
38476884,0,0,1
38476897,0,0,0
38556687,0,0,1
38556700,0,0,0
38558325,0,1,0
38558338,0,0,0
38580606,1,0,0
38580619,0,0,0
38636523,0,0,1
38636536,0,0,0
38677974,0,1,0
38677987,0,0,0
38716342,0,0,1
38716355,0,0,0
38740087,1,0,0
38740100,0,0,0
38796164,0,0,1
38796177,0,0,0
38797646,0,1,0
38797659,0,0,0
38875981,0,0,1
38875994,0,0,0
38899569,1,0,0
38899583,0,0,0
38917294,0,1,0
38917307,0,0,0
38955820,0,0,1
38955833,0,0,0
39035630,0,0,1
39035643,0,0,0
39036956,0,1,0
39036969,0,0,0
39059083,1,0,0
39059096,0,0,0
39115472,0,0,1
39115485,0,0,0
39156614,0,1,0
39156627,0,0,0
39195294,0,0,1
39195307,0,0,0
39218571,1,0,0
39218584,0,0,0
39275113,0,0,1
39275126,0,0,0
39276283,0,1,0
39276296,0,0,0
39354928,0,0,1
39354941,0,0,0
39378051,1,0,0
39378064,0,0,0
39395932,0,1,0
39395945,0,0,0
39434763,0,0,1
39434776,0,0,0
39514561,0,0,1
39514574,0,0,0
39515578,0,1,0
39515591,0,0,0
39537546,1,0,0
39537559,0,0,0
39594400,0,0,1
39594413,0,0,0
39635230,0,1,0
39635243,0,0,0
39674217,0,0,1
39674230,0,0,0
39697027,1,0,0
39697040,0,0,0
39754034,0,0,1
39754047,0,0,0
39754894,0,1,0
39754907,0,0,0
39833853,0,0,1
39833866,0,0,0
39856508,1,0,0
39856521,0,0,0
39874545,0,1,0
39874558,0,0,0
39913692,0,0,1
39913705,0,0,0
39993497,0,0,1
39993510,0,0,0
39994201,0,1,0
39994214,0,0,0
40016015,1,0,0
40016028,0,0,0
40073336,0,0,1
40073349,0,0,0
40113856,0,1,0
40113869,0,0,0
40153159,0,0,1
40153172,0,0,0
40175502,1,0,0
40175515,0,0,0
40232980,0,0,1
40232993,0,0,0
40233528,0,1,0
40233541,0,0,0
40312801,0,0,1
40312814,0,0,0
40334990,1,0,0
40335003,0,0,0
40353184,0,1,0
40353197,0,0,0
40392643,0,0,1
40392656,0,0,0
40472445,0,0,1
40472458,0,0,0
40472837,0,1,0
40472850,0,0,0
40494494,1,0,0
40494507,0,0,0
40552283,0,0,1
40552296,0,0,0
40592491,0,1,0
40592504,0,0,0
40632105,0,0,1
40632118,0,0,0
40653982,1,0,0
40653995,0,0,0
40711925,0,0,1
40711938,0,0,0
40717597,0,1,0
40717610,0,0,0
40791744,0,0,1
40791757,0,0,0
40813465,1,0,0
40813478,0,0,0
40837250,0,1,0
40837263,0,0,0
40871561,0,0,1
40871574,0,0,0
40951363,0,0,1
40951376,0,0,0
40956901,0,1,0
40956914,0,0,0
40972968,1,0,0
40972981,0,0,0
41031207,0,0,1
41031220,0,0,0
41076559,0,1,0
41076572,0,0,0
41111028,0,0,1
41111041,0,0,0
41132492,1,0,0
41132505,0,0,0
41190845,0,0,1
41190858,0,0,0
41196227,0,1,0
41196240,0,0,0
41270665,0,0,1
41270678,0,0,0
41291973,1,0,0
41291986,0,0,0
41315877,0,1,0
41315890,0,0,0
41350503,0,0,1
41350516,0,0,0
41430307,0,0,1
41430320,0,0,0
41435532,0,1,0
41435545,0,0,0
41451477,1,0,0
41451490,0,0,0
41510145,0,0,1
41510158,0,0,0
41555185,0,1,0
41555198,0,0,0
41589965,0,0,1
41589978,0,0,0
41610962,1,0,0
41610975,0,0,0
41669787,0,0,1
41669800,0,0,0
41674856,0,1,0
41674869,0,0,0
41749608,0,0,1
41749621,0,0,0
41770449,1,0,0
41770462,0,0,0
41794512,0,1,0
41794525,0,0,0
41829449,0,0,1
41829462,0,0,0
41909251,0,0,1
41909264,0,0,0
41914164,0,1,0
41914177,0,0,0
41929953,1,0,0
41929966,0,0,0
41989088,0,0,1
41989101,0,0,0
42033814,0,1,0
42033828,0,0,0
42068906,0,0,1
42068919,0,0,0
42089434,1,0,0
42089447,0,0,0
42148724,0,0,1
42148737,0,0,0
42153481,0,1,0
42153494,0,0,0
42228542,0,0,1
42228555,0,0,0
42248914,1,0,0
42248927,0,0,0
42273132,0,1,0
42273145,0,0,0
42308379,0,0,1
42308392,0,0,0
42388195,0,0,1
42388208,0,0,0
42392782,0,1,0
42392795,0,0,0
42408414,1,0,0
42408427,0,0,0
42468029,0,0,1
42468042,0,0,0
42512428,0,1,0
42512441,0,0,0
42547846,0,0,1
42547859,0,0,0
42567892,1,0,0
42567905,0,0,0
42627663,0,0,1
42627676,0,0,0
42632094,0,1,0
42632107,0,0,0
42707481,0,0,1
42707494,0,0,0
42727370,1,0,0
42727383,0,0,0
42751742,0,1,0
42751755,0,0,0
42787316,0,0,1
42787329,0,0,0
42867118,0,0,1
42867131,0,0,0
42871393,0,1,0
42871406,0,0,0
42886869,1,0,0
42886882,0,0,0
42946953,0,0,1
42946966,0,0,0
42991040,0,1,0
42991053,0,0,0
43026769,0,0,1
43026782,0,0,0
43046347,1,0,0
43046360,0,0,0
43106583,0,0,1
43106596,0,0,0
43110702,0,1,0
43110715,0,0,0
43186399,0,0,1
43186412,0,0,0
43205821,1,0,0
43205834,0,0,0
43230348,0,1,0
43230361,0,0,0
43266233,0,0,1
43266246,0,0,0
43346033,0,0,1
43346047,0,0,0
43349996,0,1,0
43350009,0,0,0
43365316,1,0,0
43365329,0,0,0
43425868,0,0,1
43425881,0,0,0
43469644,0,1,0
43469657,0,0,0
43505687,0,0,1
43505700,0,0,0
43524796,1,0,0
43524809,0,0,0
43585504,0,0,1
43585517,0,0,0
43589310,0,1,0
43589323,0,0,0
43665320,0,0,1
43665333,0,0,0
43684272,1,0,0
43684285,0,0,0
43708954,0,1,0
43708967,0,0,0
43745152,0,0,1
43745165,0,0,0
43824949,0,0,1
43824962,0,0,0
43828599,0,1,0
43828612,0,0,0
43843764,1,0,0
43843777,0,0,0
43904762,0,0,1
43904775,0,0,0
43948247,0,1,0
43948260,0,0,0
43984580,0,0,1
43984593,0,0,0
44003243,1,0,0
44003256,0,0,0
44064399,0,0,1
44064412,0,0,0
44067917,0,1,0
44067930,0,0,0
44144219,0,0,1
44144232,0,0,0
44162727,1,0,0
44162740,0,0,0
44187569,0,1,0
44187582,0,0,0
44224057,0,0,1
44224070,0,0,0
44303856,0,0,1
44303869,0,0,0
44307217,0,1,0
44307230,0,0,0
44322225,1,0,0
44322238,0,0,0
44383691,0,0,1
44383704,0,0,0
44426866,0,1,0
44426879,0,0,0
44463510,0,0,1
44463523,0,0,0
44481704,1,0,0
44481717,0,0,0
44543325,0,0,1
44543338,0,0,0
44546530,0,1,0
44546543,0,0,0
44623141,0,0,1
44623154,0,0,0
44641179,1,0,0
44641193,0,0,0
44666176,0,1,0
44666189,0,0,0
44702975,0,0,1
44702988,0,0,0
44782774,0,0,1
44782787,0,0,0
44785824,0,1,0
44785837,0,0,0
44800675,1,0,0
44800688,0,0,0
44862605,0,0,1
44862618,0,0,0
44905467,0,1,0
44905480,0,0,0
44942422,0,0,1
44942435,0,0,0
44960149,1,0,0
44960162,0,0,0
45022241,0,0,1
45022254,0,0,0
45025135,0,1,0
45025148,0,0,0
45102055,0,0,1
45102068,0,0,0
45119625,1,0,0
45119638,0,0,0
45144778,0,1,0
45144791,0,0,0
45181888,0,0,1
45181901,0,0,0
45261687,0,0,1
45261700,0,0,0
45264425,0,1,0
45264438,0,0,0
45279120,1,0,0
45279133,0,0,0
45341520,0,0,1
45341533,0,0,0
45384067,0,1,0
45384080,0,0,0
45421327,0,0,1
45421340,0,0,0
45438588,1,0,0
45438601,0,0,0
45501137,0,0,1
45501150,0,0,0
45503722,0,1,0
45503735,0,0,0
45580949,0,0,1
45580962,0,0,0
45598054,1,0,0
45598067,0,0,0
45623362,0,1,0
45623375,0,0,0
45660778,0,0,1
45660791,0,0,0
45740574,0,0,1
45740587,0,0,0
45743003,0,1,0
45743016,0,0,0
45757541,1,0,0
45757554,0,0,0
45820407,0,0,1
45820420,0,0,0
45862649,0,1,0
45862662,0,0,0
45900222,0,0,1
45900235,0,0,0
45917015,1,0,0
45917028,0,0,0
45980037,0,0,1
45980050,0,0,0
45982310,0,1,0
45982323,0,0,0
46059855,0,0,1
46059868,0,0,0
46076494,1,0,0
46076507,0,0,0
46101959,0,1,0
46101972,0,0,0
46139693,0,0,1
46139706,0,0,0
46219494,0,0,1
46219507,0,0,0
46221612,0,1,0
46221625,0,0,0
46235995,1,0,0
46236008,0,0,0
46299333,0,0,1
46299346,0,0,0
46341263,0,1,0
46341276,0,0,0
46379152,0,0,1
46379165,0,0,0
46395479,1,0,0
46395492,0,0,0
46458972,0,0,1
46458985,0,0,0
46460934,0,1,0
46460947,0,0,0
46538789,0,0,1
46538802,0,0,0
46554960,1,0,0
46554973,0,0,0
46580580,0,1,0
46580593,0,0,0
46618622,0,0,1
46618635,0,0,0
46698419,0,0,1
46698432,0,0,0
46700224,0,1,0
46700237,0,0,0
46714450,1,0,0
46714463,0,0,0
46778251,0,0,1
46778264,0,0,0
46819870,0,1,0
46819883,0,0,0
46858069,0,0,1
46858082,0,0,0
46873927,1,0,0
46873940,0,0,0
46937885,0,0,1
46937898,0,0,0
46939538,0,1,0
46939551,0,0,0
47017701,0,0,1
47017714,0,0,0
47033405,1,0,0
47033418,0,0,0
47059181,0,1,0
47059194,0,0,0
47097530,0,0,1
47097543,0,0,0
47177327,0,0,1
47177340,0,0,0
47178824,0,1,0
47178837,0,0,0
47192894,1,0,0
47192907,0,0,0
47257161,0,0,1
47257174,0,0,0
47298470,0,1,0
47298483,0,0,0
47336977,0,0,1
47336990,0,0,0
47352370,1,0,0
47352383,0,0,0
47416791,0,0,1
47416804,0,0,0
47418132,0,1,0
47418145,0,0,0
47496610,0,0,1
47496623,0,0,0
47511848,1,0,0
47511861,0,0,0
47537783,0,1,0
47537796,0,0,0
47576446,0,0,1
47576459,0,0,0
47656245,0,0,1
47656258,0,0,0
47657430,0,1,0
47657443,0,0,0
47671345,1,0,0
47671358,0,0,0
47736081,0,0,1
47736094,0,0,0
47777079,0,1,0
47777092,0,0,0
47815899,0,0,1
47815912,0,0,0
47830825,1,0,0
47830838,0,0,0
47895720,0,0,1
47895733,0,0,0
47896749,0,1,0
47896762,0,0,0
47975539,0,0,1
47975552,0,0,0
47990310,1,0,0
47990323,0,0,0
48016400,0,1,0
48016413,0,0,0
48055377,0,0,1
48055390,0,0,0
48135177,0,0,1
48135190,0,0,0
48136050,0,1,0
48136063,0,0,0
48149809,1,0,0
48149822,0,0,0
48215010,0,0,1
48215023,0,0,0
48255694,0,1,0
48255707,0,0,0
48294824,0,0,1
48294837,0,0,0
48309281,1,0,0
48309294,0,0,0
48374640,0,0,1
48374653,0,0,0
48375357,0,1,0
48375370,0,0,0
48454459,0,0,1
48454472,0,0,0
48468765,1,0,0
48468778,0,0,0
48495013,0,1,0
48495026,0,0,0
48534300,0,0,1
48534313,0,0,0
48614101,0,0,1
48614114,0,0,0
48614665,0,1,0
48614678,0,0,0
48628268,1,0,0
48628281,0,0,0
48693942,0,0,1
48693955,0,0,0
48734321,0,1,0
48734334,0,0,0
48773762,0,0,1
48773775,0,0,0
48787755,1,0,0
48787768,0,0,0
48853582,0,0,1
48853595,0,0,0
48853990,0,1,0
48854003,0,0,0
48933402,0,0,1
48933415,0,0,0
48947239,1,0,0
48947252,0,0,0
48973641,0,1,0
48973654,0,0,0
49013238,0,0,1
49013251,0,0,0
49093036,0,0,1
49093049,0,0,0
49098724,0,1,0
49098737,0,0,0
49106771,1,0,0
49106784,0,0,0
49172873,0,0,1
49172886,0,0,0
49218372,0,1,0
49218385,0,0,0
49252688,0,0,1
49252701,0,0,0
49266248,1,0,0
49266261,0,0,0
49332507,0,0,1
49332520,0,0,0
49338039,0,1,0
49338052,0,0,0
49412325,0,0,1
49412338,0,0,0
49425730,1,0,0
49425743,0,0,0
49457688,0,1,0
49457701,0,0,0
49492161,0,0,1
49492174,0,0,0
49571962,0,0,1
49571975,0,0,0
49577337,0,1,0
49577350,0,0,0
49585228,1,0,0
49585241,0,0,0
49651802,0,0,1
49651815,0,0,0
49696992,0,1,0
49697005,0,0,0
49731623,0,0,1
49731636,0,0,0
49744716,1,0,0
49744729,0,0,0
49811446,0,0,1
49811459,0,0,0
49816665,0,1,0
49816678,0,0,0
49891271,0,0,1
49891284,0,0,0
49904209,1,0,0
49904222,0,0,0
49936325,0,1,0
49936338,0,0,0
49971092,0,0,1
49971105,0,0,0
50050896,0,0,1
50050909,0,0,0
50055981,0,1,0
50055994,0,0,0
50063717,1,0,0
50063730,0,0,0
50130737,0,0,1
50130750,0,0,0
50175637,0,1,0
50175650,0,0,0
50210560,0,0,1
50210573,0,0,0
50223207,1,0,0
50223220,0,0,0
50290381,0,0,1
50290394,0,0,0
50295310,0,1,0
50295323,0,0,0
50370206,0,0,1
50370219,0,0,0
50382697,1,0,0
50382711,0,0,0
50414969,0,1,0
50414982,0,0,0
50450046,0,0,1
50450059,0,0,0
50529855,0,0,1
50529868,0,0,0
50534628,0,1,0
50534641,0,0,0
50542207,1,0,0
50542220,0,0,0
50609693,0,0,1
50609706,0,0,0
50654281,0,1,0
50654294,0,0,0
50689514,0,0,1
50689527,0,0,0
50701693,1,0,0
50701706,0,0,0
50769335,0,0,1
50769348,0,0,0
50773952,0,1,0
50773965,0,0,0
50849158,0,0,1
50849171,0,0,0
50861181,1,0,0
50861194,0,0,0
50893607,0,1,0
50893620,0,0,0
50928997,0,0,1
50929011,0,0,0
51008802,0,0,1
51008815,0,0,0
51013263,0,1,0
51013276,0,0,0
51020687,1,0,0
51020700,0,0,0
51088643,0,0,1
51088656,0,0,0
51132918,0,1,0
51132931,0,0,0
51168464,0,0,1
51168477,0,0,0
51180175,1,0,0
51180188,0,0,0
51248285,0,0,1
51248298,0,0,0
51252589,0,1,0
51252602,0,0,0
51328103,0,0,1
51328116,0,0,0
51339657,1,0,0
51339670,0,0,0
51372239,0,1,0
51372252,0,0,0
51407939,0,0,1
51407952,0,0,0
51487756,0,0,1
51487769,0,0,0
51491890,0,1,0
51491903,0,0,0
51499158,1,0,0
51499171,0,0,0
51567593,0,0,1
51567606,0,0,0
51611540,0,1,0
51611553,0,0,0
51647412,0,0,1
51647425,0,0,0
51658641,1,0,0
51658654,0,0,0
51727237,0,0,1
51727250,0,0,0
51731215,0,1,0
51731228,0,0,0
51807057,0,0,1
51807070,0,0,0
51818129,1,0,0
51818142,0,0,0
51850868,0,1,0
51850881,0,0,0
51886897,0,0,1
51886910,0,0,0
51966702,0,0,1
51966715,0,0,0
51970525,0,1,0
51970538,0,0,0
51977637,1,0,0
51977650,0,0,0
52046543,0,0,1
52046556,0,0,0
52090179,0,1,0
52090192,0,0,0
52126364,0,0,1
52126377,0,0,0
52137124,1,0,0
52137137,0,0,0
52206183,0,0,1
52206196,0,0,0
52209849,0,1,0
52209862,0,0,0
52286001,0,0,1
52286014,0,0,0
52296604,1,0,0
52296617,0,0,0
52329497,0,1,0
52329510,0,0,0
52365837,0,0,1
52365850,0,0,0
52445641,0,0,1
52445654,0,0,0
52449151,0,1,0
52449164,0,0,0
52456107,1,0,0
52456120,0,0,0
52525474,0,0,1
52525487,0,0,0
52568796,0,1,0
52568809,0,0,0
52605292,0,0,1
52605305,0,0,0
52615584,1,0,0
52615597,0,0,0
52685114,0,0,1
52685128,0,0,0
52688469,0,1,0
52688482,0,0,0
52764933,0,0,1
52764946,0,0,0
52775070,1,0,0
52775083,0,0,0
52808120,0,1,0
52808133,0,0,0
52844771,0,0,1
52844784,0,0,0
52924572,0,0,1
52924585,0,0,0
52927770,0,1,0
52927783,0,0,0
52934569,1,0,0
52934582,0,0,0
53004386,0,0,1
53004399,0,0,0
53047416,0,1,0
53047429,0,0,0
53084201,0,0,1
53084214,0,0,0
53094046,1,0,0
53094059,0,0,0
53164017,0,0,1
53164030,0,0,0
53167081,0,1,0
53167094,0,0,0
53243837,0,0,1
53243850,0,0,0
53253527,1,0,0
53253540,0,0,0
53286733,0,1,0
53286746,0,0,0
53323674,0,0,1
53323687,0,0,0
53403472,0,0,1
53403485,0,0,0
53406380,0,1,0
53406393,0,0,0
53413023,1,0,0
53413036,0,0,0
53483306,0,0,1
53483319,0,0,0
53526029,0,1,0
53526043,0,0,0
53563127,0,0,1
53563140,0,0,0
53572504,1,0,0
53572517,0,0,0
53642946,0,0,1
53642959,0,0,0
53645698,0,1,0
53645711,0,0,0
53722766,0,0,1
53722779,0,0,0
53731988,1,0,0
53732001,0,0,0
53765398,0,1,0
53765411,0,0,0
53802602,0,0,1
53802615,0,0,0
53882404,0,0,1
53882417,0,0,0
53885051,0,1,0
53885064,0,0,0
53891488,1,0,0
53891501,0,0,0
53962247,0,0,1
53962260,0,0,0
54004710,0,1,0
54004723,0,0,0
54042070,0,0,1
54042083,0,0,0
54050980,1,0,0
54050993,0,0,0
54121890,0,0,1
54121903,0,0,0
54124381,0,1,0
54124394,0,0,0
54201711,0,0,1
54201724,0,0,0
54210465,1,0,0
54210478,0,0,0
54244035,0,1,0
54244048,0,0,0
54281553,0,0,1
54281566,0,0,0
54361358,0,0,1
54361371,0,0,0
54363693,0,1,0
54363706,0,0,0
54369974,1,0,0
54369987,0,0,0
54441200,0,0,1
54441213,0,0,0
54483350,0,1,0
54483363,0,0,0
54521021,0,0,1
54521034,0,0,0
54529466,1,0,0
54529479,0,0,0
54600848,0,0,1
54600861,0,0,0
54603030,0,1,0
54603043,0,0,0
54680672,0,0,1
54680685,0,0,0
54688961,1,0,0
54688974,0,0,0
54722687,0,1,0
54722700,0,0,0
54760511,0,0,1
54760524,0,0,0
54840315,0,0,1
54840328,0,0,0
54842341,0,1,0
54842354,0,0,0
54848465,1,0,0
54848478,0,0,0
54920153,0,0,1
54920166,0,0,0
54961994,0,1,0
54962007,0,0,0
54999975,0,0,1
54999988,0,0,0
55007952,1,0,0
55007965,0,0,0
55079801,0,0,1
55079814,0,0,0
55081671,0,1,0
55081684,0,0,0
55159624,0,0,1
55159637,0,0,0
55167445,1,0,0
55167458,0,0,0
55201328,0,1,0
55201341,0,0,0
55239465,0,0,1
55239478,0,0,0
55319264,0,0,1
55319277,0,0,0
55320978,0,1,0
55320991,0,0,0
55326947,1,0,0
55326960,0,0,0
55399101,0,0,1
55399114,0,0,0
55440631,0,1,0
55440644,0,0,0
55478922,0,0,1
55478935,0,0,0
55486431,1,0,0
55486444,0,0,0
55558740,0,0,1
55558754,0,0,0
55560298,0,1,0
55560311,0,0,0
55638559,0,0,1
55638572,0,0,0
55645912,1,0,0
55645925,0,0,0
55679949,0,1,0
55679962,0,0,0
55718398,0,0,1
55718411,0,0,0
55798200,0,0,1
55798213,0,0,0
55799602,0,1,0
55799615,0,0,0
55805415,1,0,0
55805428,0,0,0
55878039,0,0,1
55878052,0,0,0
55919255,0,1,0
55919268,0,0,0
55957857,0,0,1
55957870,0,0,0
55964899,1,0,0
55964912,0,0,0
56037676,0,0,1
56037689,0,0,0
56038925,0,1,0
56038938,0,0,0
56117498,0,0,1
56117511,0,0,0
56124386,1,0,0
56124399,0,0,0
56158580,0,1,0
56158593,0,0,0
56197339,0,0,1
56197352,0,0,0
56277140,0,0,1
56277153,0,0,0
56278233,0,1,0
56278246,0,0,0
56283890,1,0,0
56283903,0,0,0
56356979,0,0,1
56356992,0,0,0
56397887,0,1,0
56397900,0,0,0
56436802,0,0,1
56436815,0,0,0
56443379,1,0,0
56443392,0,0,0
56516619,0,0,1
56516632,0,0,0
56517556,0,1,0
56517569,0,0,0
56596435,0,0,1
56596448,0,0,0
56602855,1,0,0
56602868,0,0,0
56637203,0,1,0
56637216,0,0,0
56676271,0,0,1
56676284,0,0,0
56756071,0,0,1
56756084,0,0,0
56756851,0,1,0
56756864,0,0,0
56762353,1,0,0
56762366,0,0,0
56835905,0,0,1
56835918,0,0,0
56876500,0,1,0
56876513,0,0,0
56915724,0,0,1
56915737,0,0,0
56921831,1,0,0
56921844,0,0,0
56995542,0,0,1
56995555,0,0,0
56996166,0,1,0
56996179,0,0,0
57075358,0,0,1
57075371,0,0,0
57081363,1,0,0
57081376,0,0,0
57115810,0,1,0
57115823,0,0,0
57155187,0,0,1
57155200,0,0,0
57234979,0,0,1
57234992,0,0,0
57235448,0,1,0
57235461,0,0,0
57240845,1,0,0
57240858,0,0,0
57314806,0,0,1
57314819,0,0,0
57355087,0,1,0
57355100,0,0,0
57394625,0,0,1
57394638,0,0,0
57400319,1,0,0
57400332,0,0,0
57474451,0,0,1
57474464,0,0,0
57480199,0,1,0
57480212,0,0,0
57554270,0,0,1
57554283,0,0,0
57559811,1,0,0
57559824,0,0,0
57599853,0,1,0
57599866,0,0,0
57634108,0,0,1
57634121,0,0,0
57713903,0,0,1
57713916,0,0,0
57719287,1,0,0
57719300,0,0,0
57724951,0,1,0
57724964,0,0,0
57793729,0,0,1
57793742,0,0,0
57844570,0,1,0
57844583,0,0,0
57873541,0,0,1
57873554,0,0,0
57878769,1,0,0
57878782,0,0,0
57953352,0,0,1
57953365,0,0,0
57964228,0,1,0
57964241,0,0,0
58033169,0,0,1
58033182,0,0,0
58038242,1,0,0
58038255,0,0,0
58083876,0,1,0
58083889,0,0,0
58113005,0,0,1
58113018,0,0,0
58192800,0,0,1
58192813,0,0,0
58197717,1,0,0
58197730,0,0,0
58203537,0,1,0
58203550,0,0,0
58272636,0,0,1
58272649,0,0,0
58323169,0,1,0
58323182,0,0,0
58352454,0,0,1
58352467,0,0,0
58357214,1,0,0
58357227,0,0,0
58432270,0,0,1
58432283,0,0,0
58442832,0,1,0
58442845,0,0,0
58512082,0,0,1
58512095,0,0,0
58516687,1,0,0
58516700,0,0,0
58562472,0,1,0
58562485,0,0,0
58591910,0,0,1
58591923,0,0,0
58671706,0,0,1
58671719,0,0,0
58676155,1,0,0
58676168,0,0,0
58682131,0,1,0
58682144,0,0,0
58751539,0,0,1
58751552,0,0,0
58801760,0,1,0
58801773,0,0,0
58831356,0,0,1
58831369,0,0,0
58835648,1,0,0
58835661,0,0,0
58911165,0,0,1
58911178,0,0,0
58921416,0,1,0
58921429,0,0,0
58990979,0,0,1
58990992,0,0,0
58995116,1,0,0
58995129,0,0,0
59041059,0,1,0
59041072,0,0,0
59070790,0,0,1
59070803,0,0,0
59150583,0,0,1
59150596,0,0,0
59154585,1,0,0
59154598,0,0,0
59160717,0,1,0
59160730,0,0,0
59230414,0,0,1
59230427,0,0,0
59280339,0,1,0
59280352,0,0,0
59310224,0,0,1
59310237,0,0,0
59314070,1,0,0
59314083,0,0,0
59390035,0,0,1
59390048,0,0,0
59399995,0,1,0
59400008,0,0,0
59469845,0,0,1
59469858,0,0,0
59473535,1,0,0
59473548,0,0,0
59519634,0,1,0
59519647,0,0,0
59549674,0,0,1
59549687,0,0,0
59629465,0,0,1
59629478,0,0,0
59632999,1,0,0
59633012,0,0,0
59639287,0,1,0
59639300,0,0,0
59709294,0,0,1
59709307,0,0,0
59758910,0,1,0
59758923,0,0,0
59789108,0,0,1
59789121,0,0,0
59792487,1,0,0
59792500,0,0,0
59868921,0,0,1
59868934,0,0,0
59878570,0,1,0
59878583,0,0,0
59948735,0,0,1
59948748,0,0,0
59951957,1,0,0
59951970,0,0,0
59998211,0,1,0
59998224,0,0,0
60028564,0,0,1
60028577,0,0,0
60108362,0,0,1
60108375,0,0,0
60111429,1,0,0
60111442,0,0,0
60117873,0,1,0
60117886,0,0,0
60188196,0,0,1
60188209,0,0,0
60237500,0,1,0
60237513,0,0,0
60268012,0,0,1
60268025,0,0,0
60270922,1,0,0
60270935,0,0,0
60347826,0,0,1
60347839,0,0,0
60357163,0,1,0
60357176,0,0,0
60427639,0,0,1
60427652,0,0,0
60430393,1,0,0
60430406,0,0,0
60476806,0,1,0
60476819,0,0,0
60507473,0,0,1
60507486,0,0,0
60587283,0,0,1
60587296,0,0,0
60589866,1,0,0
60589879,0,0,0
60596467,0,1,0
60596480,0,0,0
60667113,0,0,1
60667126,0,0,0
60716091,0,1,0
60716104,0,0,0
60746928,0,0,1
60746941,0,0,0
60749355,1,0,0
60749368,0,0,0
60826741,0,0,1
60826754,0,0,0
60835751,0,1,0
60835764,0,0,0
60906557,0,0,1
60906570,0,0,0
60908828,1,0,0
60908841,0,0,0
60955395,0,1,0
60955408,0,0,0
60986387,0,0,1
60986400,0,0,0
61066180,0,0,1
61066193,0,0,0
61068296,1,0,0
61068309,0,0,0
61075052,0,1,0
61075065,0,0,0
61146009,0,0,1
61146022,0,0,0
61194674,0,1,0
61194687,0,0,0
61225823,0,0,1
61225836,0,0,0
61227783,1,0,0
61227796,0,0,0
61305639,0,0,1
61305652,0,0,0
61314337,0,1,0
61314350,0,0,0
61385455,0,0,1
61385468,0,0,0
61387259,1,0,0
61387272,0,0,0
61433984,0,1,0
61433997,0,0,0
61465288,0,0,1
61465301,0,0,0
61545084,0,0,1
61545097,0,0,0
61546732,1,0,0
61546745,0,0,0
61553645,0,1,0
61553658,0,0,0
61624917,0,0,1
61624930,0,0,0
61673270,0,1,0
61673283,0,0,0
61704731,0,0,1
61704744,0,0,0
61706223,1,0,0
61706236,0,0,0
61784545,0,0,1
61784558,0,0,0
61792931,0,1,0
61792944,0,0,0
61864352,0,0,1
61864365,0,0,0
61865689,1,0,0
61865702,0,0,0
61912563,0,1,0
61912576,0,0,0
61944176,0,0,1
61944189,0,0,0
62023974,0,0,1
62023987,0,0,0
62025155,1,0,0
62025168,0,0,0
62032222,0,1,0
62032235,0,0,0
62103781,0,0,1
62103794,0,0,0
62151843,0,1,0
62151856,0,0,0
62183592,0,0,1
62183605,0,0,0
62184637,1,0,0
62184650,0,0,0
62263409,0,0,1
62263422,0,0,0
62271504,0,1,0
62271517,0,0,0
62343224,0,0,1
62343237,0,0,0
62344113,1,0,0
62344126,0,0,0
62391148,0,1,0
62391161,0,0,0
62423054,0,0,1
62423067,0,0,0
62502848,0,0,1
62502861,0,0,0
62503581,1,0,0
62503594,0,0,0
62510806,0,1,0
62510819,0,0,0
62582680,0,0,1
62582693,0,0,0
62630432,0,1,0
62630445,0,0,0
62662495,0,0,1
62662508,0,0,0
62663073,1,0,0
62663086,0,0,0
62742315,0,0,1
62742328,0,0,0
62750098,0,1,0
62750111,0,0,0
62822128,0,0,1
62822141,0,0,0
62822549,1,0,0
62822562,0,0,0
62869740,0,1,0
62869753,0,0,0
62901958,0,0,1
62901971,0,0,0
62981756,0,0,1
62981769,0,0,0
62987457,1,0,0
62987470,0,0,0
62989402,0,1,0
62989415,0,0,0
63061595,0,0,1
63061608,0,0,0
63109035,0,1,0
63109048,0,0,0
63141412,0,0,1
63141425,0,0,0
63146957,1,0,0
63146970,0,0,0
63221223,0,0,1
63221236,0,0,0
63228695,0,1,0
63228708,0,0,0
63301040,0,0,1
63301053,0,0,0
63306430,1,0,0
63306443,0,0,0
63348343,0,1,0
63348356,0,0,0
63380873,0,0,1
63380886,0,0,0
63460669,0,0,1
63460683,0,0,0
63465903,1,0,0
63465916,0,0,0
63468003,0,1,0
63468016,0,0,0
63540502,0,0,1
63540515,0,0,0
63587632,0,1,0
63587645,0,0,0
63620318,0,0,1
63620331,0,0,0
63625398,1,0,0
63625411,0,0,0
63700139,0,0,1
63700152,0,0,0
63707294,0,1,0
63707307,0,0,0
63779957,0,0,1
63779970,0,0,0
63784881,1,0,0
63784894,0,0,0
63826940,0,1,0
63826953,0,0,0
63859788,0,0,1
63859801,0,0,0
63939587,0,0,1
63939600,0,0,0
63944355,1,0,0
63944368,0,0,0
63946603,0,1,0
63946616,0,0,0
64019420,0,0,1
64019433,0,0,0
64066230,0,1,0
64066243,0,0,0
64099236,0,0,1
64099249,0,0,0
64103849,1,0,0
64103862,0,0,0
64179053,0,0,1
64179066,0,0,0
64185895,0,1,0
64185908,0,0,0
64258863,0,0,1
64258876,0,0,0
64263319,1,0,0
64263332,0,0,0
64305535,0,1,0
64305548,0,0,0
64338695,0,0,1
64338708,0,0,0
64418495,0,0,1
64418508,0,0,0
64422796,1,0,0
64422809,0,0,0
64425200,0,1,0
64425213,0,0,0
64498329,0,0,1
64498342,0,0,0
64544827,0,1,0
64544840,0,0,0
64578145,0,0,1
64578158,0,0,0
64582290,1,0,0
64582303,0,0,0
64657964,0,0,1
64657977,0,0,0
64664495,0,1,0
64664508,0,0,0
64737777,0,0,1
64737790,0,0,0
64741765,1,0,0
64741778,0,0,0
64784138,0,1,0
64784151,0,0,0
64817610,0,0,1
64817623,0,0,0
64897409,0,0,1
64897422,0,0,0
64901241,1,0,0
64901254,0,0,0
64903801,0,1,0
64903814,0,0,0
64977243,0,0,1
64977256,0,0,0
65023431,0,1,0
65023444,0,0,0
65057061,0,0,1
65057074,0,0,0
65060738,1,0,0
65060751,0,0,0
65136873,0,0,1
65136886,0,0,0
65143095,0,1,0
65143108,0,0,0
65216691,0,0,1
65216704,0,0,0
65220215,1,0,0
65220228,0,0,0
65262744,0,1,0
65262757,0,0,0
65296527,0,0,1
65296540,0,0,0
65376327,0,0,1
65376340,0,0,0
65379695,1,0,0
65379708,0,0,0
65382411,0,1,0
65382424,0,0,0
65456166,0,0,1
65456179,0,0,0
65502047,0,1,0
65502060,0,0,0
65535988,0,0,1
65536001,0,0,0
65539200,1,0,0
65539213,0,0,0
65615809,0,0,1
65615822,0,0,0
65621719,0,1,0
65621732,0,0,0
65695629,0,0,1
65695642,0,0,0
65698685,1,0,0
65698698,0,0,0
65741371,0,1,0
65741384,0,0,0
65775467,0,0,1
65775480,0,0,0
65855268,0,0,1
65855281,0,0,0
65858168,1,0,0
65858181,0,0,0
65861040,0,1,0
65861053,0,0,0
65935105,0,0,1
65935118,0,0,0
65980671,0,1,0
65980684,0,0,0
66014921,0,0,1
66014934,0,0,0
66017666,1,0,0
66017679,0,0,0
66094739,0,0,1
66094752,0,0,0
66100337,0,1,0
66100350,0,0,0
66174556,0,0,1
66174569,0,0,0
66177144,1,0,0
66177157,0,0,0
66219983,0,1,0
66219996,0,0,0
66254388,0,0,1
66254401,0,0,0
66334184,0,0,1
66334197,0,0,0
66336616,1,0,0
66336629,0,0,0
66339644,0,1,0
66339657,0,0,0
66414015,0,0,1
66414028,0,0,0
66459267,0,1,0
66459280,0,0,0
66493828,0,0,1
66493841,0,0,0
66496104,1,0,0
66496117,0,0,0
66573638,0,0,1
66573651,0,0,0
66578924,0,1,0
66578937,0,0,0
66653446,0,0,1
66653459,0,0,0
66655570,1,0,0
66655583,0,0,0
66698564,0,1,0
66698577,0,0,0
66733276,0,0,1
66733289,0,0,0
66813066,0,0,1
66813079,0,0,0
66815034,1,0,0
66815047,0,0,0
66818217,0,1,0
66818230,0,0,0
66892896,0,0,1
66892909,0,0,0
66937839,0,1,0
66937852,0,0,0
66972707,0,0,1
66972720,0,0,0
66974518,1,0,0
66974531,0,0,0
67052517,0,0,1
67052530,0,0,0
67057494,0,1,0
67057507,0,0,0
67132332,0,0,1
67132345,0,0,0
67133987,1,0,0
67134000,0,0,0
67177140,0,1,0
67177153,0,0,0
67212164,0,0,1
67212177,0,0,0
67291955,0,0,1
67291968,0,0,0
67293454,1,0,0
67293467,0,0,0
67296793,0,1,0
67296806,0,0,0
67371783,0,0,1
67371796,0,0,0
67416412,0,1,0
67416425,0,0,0
67451591,0,0,1
67451604,0,0,0
67452934,1,0,0
67452947,0,0,0
67531399,0,0,1
67531412,0,0,0
67536064,0,1,0
67536077,0,0,0
67611204,0,0,1
67611217,0,0,0
67612392,1,0,0
67612405,0,0,0
67655694,0,1,0
67655707,0,0,0
67691029,0,0,1
67691042,0,0,0
67770820,0,0,1
67770833,0,0,0
67771851,1,0,0
67771864,0,0,0
67775346,0,1,0
67775359,0,0,0
67850644,0,0,1
67850657,0,0,0
67894959,0,1,0
67894972,0,0,0
67930450,0,0,1
67930463,0,0,0
67931325,1,0,0
67931338,0,0,0
