<?xml version="1.0" encoding="UTF-8"?><?xml-stylesheet type='text/xsl' href='_UpgradeReport_Files/UpgradeReport.xslt'?><UpgradeLog>
<Properties><Property Name="Solution" Value="SerialDump">
</Property><Property Name="Solution File" Value="C:\Users\nived\Desktop\Imote2.builder\Imote2.builder\tools\SerialDump\SerialDump.sln">
</Property><Property Name="User Options File" Value="C:\Users\nived\Desktop\Imote2.builder\Imote2.builder\tools\SerialDump\SerialDump.suo">
</Property><Property Name="Date" Value="Wednesday, December 22, 2010">
</Property><Property Name="Time" Value="22:31 PM">
</Property></Properties><Event ErrorLevel="0" Project="" Source="SerialDump.sln" Description="File successfully backed up as C:\Users\nived\Desktop\Imote2.builder\Imote2.builder\tools\SerialDump\Backup\SerialDump.sln">
</Event><Event ErrorLevel="0" Project="" Source="SerialDump.suo" Description="File successfully backed up as C:\Users\nived\Desktop\Imote2.builder\Imote2.builder\tools\SerialDump\Backup\SerialDump.suo">
</Event><Event ErrorLevel="0" Project="SerialDump" Source="SerialDump.csproj" Description="Project file successfully backed up as C:\Users\nived\Desktop\Imote2.builder\Imote2.builder\tools\SerialDump\Backup\SerialDump.csproj">
</Event><Event ErrorLevel="0" Project="SerialDump" Source="Main.cs" Description="File successfully backed up as C:\Users\nived\Desktop\Imote2.builder\Imote2.builder\tools\SerialDump\Backup\Main.cs">
</Event><Event ErrorLevel="0" Project="SerialDump" Source="Properties\AssemblyInfo.cs" Description="File successfully backed up as C:\Users\nived\Desktop\Imote2.builder\Imote2.builder\tools\SerialDump\Backup\Properties\AssemblyInfo.cs">
</Event><Event ErrorLevel="1" Project="SerialDump" Source="SerialDump.csproj" Description="Your project is targeting .NET Framework 2.0 or 3.0. If your project uses assemblies requiring a newer .NET Framework, your project will fail to build. You can change the .NET Framework version by clicking Properties on the project menu and then selecting a new version in the '.NET Framework' dropdown box. (In Visual Basic, this is located on the Compile tab by clicking the 'Advanced Compiler Options...' button.)">
</Event><Event ErrorLevel="0" Project="SerialDump" Source="SerialDump.csproj" Description="Project converted successfully">
</Event><Event ErrorLevel="3" Project="SerialDump" Source="SerialDump.csproj" Description="Converted">
</Event><Event ErrorLevel="0" Project="" Source="SerialDump.sln" Description="Solution converted successfully">
</Event><Event ErrorLevel="3" Project="" Source="SerialDump.sln" Description="Converted">
</Event><Event ErrorLevel="0" Project="SerialDump" Source="SerialDump.csproj" Description="Scan complete: Upgrade not required for project files.">
</Event></UpgradeLog>